
INSERT INTO wardRecord (WardRecordID) VALUES 
    (565454),
    (878725),
    (703167),
    (711035),
    (287736),
    (634275),
    (587536),
    (622775),
    (895378),
    (925946),
    (679786),
    (422533),
    (472176),
    (465997),
    (776548),
    (320023),
    (948767),
    (260086),
    (206735),
    (113345),
    (393276),
    (417023),
    (627434),
    (173475),
    (222623),
    (409312),
    (277921),
    (649056),
    (350123),
    (392354),
    (701755),
    (995078),
    (672887),
    (281245),
    (605578),
    (229798),
    (172978),
    (855767),
    (209254),
    (355736);

INSERT INTO Ward (WardName, HeadNurseID, WardRecordID) VALUES 
('Nighting Ward', 823047,222623),
('Craven Ward', 295626,229798),
('Stanhope Ward', 759558,172978),
('Joeseph Ward',525957,409312),
('Alexa Ward',771628,627434),
('Orwell Ward',538736,355736),
('Tegmark Ward',588348,622775),
('Marina Ward',616038,565454),
('Thomas Ward',404616,465997),
('Jack Ward',736700,776548);

INSERT INTO WardSpeciality (SpecialityID, SpecialityName, WardName) VALUES 
(776388, 'Cardiology','Alexa Ward'),
(261626, 'Toxology', 'Tegmark Ward'),
(410978, 'Radiotherapy','Stanhope Ward'),
(432423, 'General Care','Jack Ward'),
(964598, 'Ophthalmologist','Nighting Ward'),
(814516, 'Intensive Care','Orwell Ward');

INSERT INTO NurseStaff (NurseID, Fname, Lname, WardName) VALUES 
  (823047, 'Chelsea', 'Mckenzie', 'Nighting Ward'),
  (295626, 'Quinn', 'Mccullough','Craven Ward'),
  (759558, 'Maryam', 'Dejesus','Stanhope Ward'),
  (373283, 'Scarlet', 'Livingston','Swan Ward'),
  (196949, 'Skyler', 'Owens','Alexa Ward'),
  (538736, 'Nasim', 'Wood','Orwell Ward'),
  (588348, 'Kylynn', 'Ayers','Tegmark Ward'),
  (525957, 'Popi', 'Reese','Swan Ward'),
  (616038, 'Price', 'Blackwell','Marina Ward'),
  (404616, 'Vaughan', 'Johnston','Thomas Ward'),
  (663961, 'Eve', 'Reyes','Joeseph Ward'),
  (950909, 'Emi', 'Castillo','Joeseph Ward'),
  (736700, 'Kameko', 'Carrillo','Joeseph Ward'),
  (380319, 'Yardley', 'Manning','Joeseph Ward'),
  (771628, 'Holly', 'Monroe','Alexa Ward');

INSERT INTO PatientDoctors (PatientID, DoctorID) VALUES
(200478,836847),
(240538,223333),
(129498,521845),
(563443,868946),
(266943,225286),
(197443,216834),
(953043,976397),
(549343,127227),
(925443,880899),
(521543,525409),
(549543,836847),
(226843,223333),
(397143,521845),
(137043,868946),
(473743,225286),
(930043,216834),
(670843,976397),
(638643,127227),
(438743,880899),
(298943,525409),
(916643,836847),
(521643,223333),
(507043,521845),
(402443,868946),
(436043,225286),
(705043,216834),
(608843,976397),
(461043,127227),
(998643,880899),
(963543,525409),
(646643,836847),
(456543,223333),
(715043,521845),
(139643,868946),
(300743,225286),
(151343,216834),
(873743,976397),
(399743,127227);

INSERT INTO DoctorStaff (DoctorID, Fname, Lname, TreatmentID, PatientID) VALUES
  (836847,'Hector', 'Ortiz', 303284,200478),
  (223333,'Orson', 'Waters', 591487,240538),
  (521845,'Dylan', 'Moore', 480743,129498),
  (868946,'Drew', 'Hall', 666066,563443),
  (225286,'Hunter', 'Franks', 551338,266943),
  (216834,'Galvin', 'Austin', 457643,197443),
  (976397,'Basil', 'Mccoy', 715235,953043),
  (127227,'Craig', 'Keith', 457643,549343),
  (880899,'Avram', 'Davis', 666066,925443),
  (525409,'Kieran', 'Gates', 156747,521543),
  (836847,'Hector', 'Ortiz', 715235,549543),
  (223333,'Orson', 'Waters', 156747,226843),
  (521845,'Dylan', 'Moore', 404109,397143),
  (868946,'Drew', 'Hall', 551338,137043),
  (225286,'Hunter', 'Franks', 156747,473743),
  (216834,'Galvin', 'Austin', 156747,930043),
  (976397,'Basil', 'Mccoy', 715235,670843),
  (127227,'Craig', 'Keith', 156747,638643),
  (880899,'Avram', 'Davis', 666066,438743),
  (525409,'Kieran', 'Gates', 156747,298943),
  (836847,'Hector', 'Ortiz', 303284,916643),
  (223333,'Orson', 'Waters', 944645,521643),
  (521845,'Dylan', 'Moore', 457643,507043),
  (868946,'Drew', 'Hall', 944645,402443),
  (225286,'Hunter', 'Franks', 404109,436043),
  (216834,'Galvin', 'Austin', 551338,705043),
  (976397,'Basil', 'Mccoy', 551338,608843),
  (127227,'Craig', 'Keith', 944645,461043),
  (880899,'Avram', 'Davis', 666066,998643),
  (525409,'Kieran', 'Gates', 944645,963543),
  (836847,'Hector', 'Ortiz', 303284,646643),
  (223333,'Orson', 'Waters', 944645,456543),
  (521845,'Dylan', 'Moore', 404109,715043),
  (868946,'Drew', 'Hall', 156747,139643),
  (225286,'Hunter', 'Franks', 944645,300743),
  (216834,'Galvin', 'Austin', 715235,151343),
  (976397,'Basil', 'Mccoy', 715235,873743),
  (127227,'Craig', 'Keith', 457643,399743);

INSERT INTO Treatment (TreatmentID, TreatmentName) VALUES
  (303284, 'electrograph'),
  (591487, 'angiogram'),
  (613026, 'endoscopy'),
  (480743, 'Appendectomy'),
  (216367, 'Cataract surgery'),
  (434033, 'Physiotherapy'),
  (272556, 'Heart Valve Repair'),
  (457643, 'Cardioversion'),
  (715235, 'Hernia Surgery'),
  (944645, 'Casting'),
  (357967, 'MRI'),
  (369834, 'Blood Test'),
  (666066, 'CT Scan'),
  (404109, 'Digital Rectal Exam'),
  (156747, 'PET Scan'),
  (551338, 'Lung Transplant'),
  (342609, 'Arthroscopy');

INSERT INTO PatientTreatment (TreatmentID, PatientID) VALUES 
(303284,200478),
(591487,240538),
(480743,129498),
(666066,563443),
(551338,266943),
(457643,197443),
(715235,953043),
(457643,549343),
(666066,925443),
(156747,521543),
(715235,549543),
(156747,226843),
(404109,397143),
(551338,137043),
(156747,473743),
(156747,930043),
(715235,670843),
(156747,638643),
(666066,438743),
(156747,298943),
(303284,916643),
(944645,521643),
(457643,507043),
(944645,402443),
(404109,436043),
(551338,705043),
(551338,608843),
(944645,461043),
(666066,998643),
(944645,963543),
(303284,646643),
(944645,456543),
(404109,715043),
(156747,139643),
(944645,300743),
(715235,151343),
(715235,873743),
(457643,399743);


INSERT INTO Patient (PatientID,PatientRecordID,DoctorID) VALUES
  (200478,610587,836847),
  (240538,880387,223333),
  (129498,945687,521845),
  (563443,429387,868946),
  (266943,995987,225286),
  (197443,531487,216834),
  (953043,481987,127227),
  (549343,431187,127227),
  (925443,755187,880899),
  (521543,634587,525409),
  (549543,226787,836847),
  (226843,296687,223333),
  (397143,930987,521845),
  (137043,120387,868946),
  (473743,347787,225286),
  (930043,679887,216834),
  (670843,177487,976397),
  (638643,490087,127227),
  (438743,801787,880899),
  (298943,292587,525409),
  (916643,923687,836847),
  (521643,351587,223333),
  (507043,644387,521845),
  (402443,990487,868946),
  (436043,226487,225286),
  (705043,908787,216834),
  (608843,294187,216834),
  (461043,754287,127227),
  (998643,633387,880899),
  (963543,258487,525409),
  (646643,885587,836847),
  (456543,291487,223333),
  (715043,922187,521845),
  (139643,854787,868946),
  (300743,718987,225286),
  (151343,437887,216834),
  (873743,470087,976397),
  (399743,250887,127227);



INSERT INTO PatientRecord (PatientRecordID, Fname, Sname, DOB, GPFname, GPLname, GPAddress, PatientID, MedicalRecordID) VALUES
  (610587,'Herrod', 'Wiley','08/17/1988','Winter', 'Barber','5853 Ante. Avenue',200478,923635),
  (880387,'Malachi', 'Joyce','05/11/1991','Mara', 'Booker','P.O. Box 839, 7858 Vehicula Rd.',240538,351535),
  (945687,'Ryan', 'Love','05/20/1990','Christopher', 'Evans','807-6408 Elementum, Av.',129498,644335),
  (429387,'William', 'Rosario','01/14/1985','Quynn', 'Downs','Ap #439-8609 Lobortis Avenue',563443,990435),
  (995987,'Dillon', 'Weber','07/31/1976','Thaddeus', 'Nichols','425-867 Nec, St.',266943,226435),
  (531487,'Ramona', 'Bright','12/03/1999','Samuel', 'Wolf','Ap #580-6668 Molestie Av.',197443 ,908735),
  (481987,'Lucy', 'Mitchell','04/21/2008','Cherokee', 'Guerrero','910-4197 Fringilla Street',953043 ,294135),
  (431187,'Brenden', 'Bowman','05/25/1986','Elizabeth', 'Schwartz','234-326 Ante Ave',549343 ,754235),
  (755187,'Wyatt', 'Morgan','08/17/1981','Belle', 'Mathis','729-4170 Elit Rd.',925443 ,633335),
  (634587,'Jonas', 'Fields','07/26/1977','MacKenzie', 'Anderson','Ap #123-2277 Aliquam Avenue',521543 ,258435),
  (226787,'Christine', 'Schwartz','04/24/2001','Steven', 'Lewis','680-2904 Facilisis Av.',549543 ,885535),
  (296687,'Hanna', 'Mcdonald','07/20/2006','Tanek', 'Mcdonald','Ap #165-2650 Nec Street',226843 ,291435),
  (930987,'Ethan', 'Guerra','04/13/1989','Daniel', 'Holden','162-9147 Orci Av.',397143 ,922135),
  (120387,'Travis', 'Conrad','03/15/1995','Kiara', 'Roberson','758-2539 Urna Rd.',137043 ,854735),
  (347787,'Haviva', 'Massey','12/23/1977','Leonard', 'Anthony','P.O. Box 802, 3765 Amet, Street',473743 ,718935),
  (679887,'Xanthus', 'Cortez','07/02/1991','Victoria', 'Atkins','Ap #634-7977 Vehicula Av.',930043 ,437835),
  (177487,'Raymond', 'Black','09/01/1987','Illiana', 'Booth','Ap #850-1970 Libero. Ave',670843 ,470035),
  (490087,'Daquan', 'Richard','03/30/1994','Jakeem', 'Gibbs','Ap #715-7472 Tempor Av.',638643 ,250835),
  (801787,'Davis', 'Atkinson','05/12/2005','Aurelia', 'Robbins','Ap #216-5031 At Street',438743 ,682235),
  (292587,'Randall', 'Terrell','09/03/1996','Cameron', 'Graham','709-3947 Sociis St.',298943 ,402135),
  (923687,'Sacha', 'Chang', '08/02/1985','Wynter', 'Forbes','P.O. Box 504, 5813 Pede St.',916643 ,398667),
  (351587,'Alice', 'Rivas','06/08/2005','Logan', 'Austin','8164 Donec Rd.',521643 ,506367),
  (644387,'Lunea', 'Conley','09/14/1990','Chantale', 'Pollard','3675 Aenean Ave',507043 ,879067),
  (990487,'Ivy', 'Bradley','06/14/1982','Gage', 'Campbell','3258 Eu, Av.',402443 ,327467),
  (226487,'Elizabeth', 'Maldonado','08/08/1982','Kareem', 'Daniels','8400 Dui, Av.',436043 ,160367),
  (908787,'Hammett', 'Callahan','08/22/1978','Karina', 'French','P.O. Box 169, 481 Eu, Rd.',705043 ,794967),
  (294187,'Moses', 'Benjamin','11/17/1995','Blossom', 'Mckinney','6727 Donec Street',608843 ,327167),
  (754287,'Marny', 'Franklin','04/10/2003','Victoria', 'Robles','Ap #798-9601 Ac St.',461043 ,639067),
  (633387,'Shea', 'Sanders','07/30/1976','Xavier', 'Meyers','8460 Aliquam Ave',998643 ,963467),
  (258487,'Dahlia', 'Jordan','05/16/1991','Colorado', 'Graham','Ap #588-5296 Commodo Road',963543 ,512367),
  (885587,'Giacomo', 'Jackson','05/12/2007','Grady', 'Mcbride','234-5159 Nam Rd.',646643 ,701767),
  (291487,'Aileen', 'Hendricks','01/05/1977','Garrison', 'Mann','Ap #876-9770 Justo. Ave',456543 ,752967),
  (922187,'Quinn', 'Guthrie','09/17/1980','Lacy', 'Nixon','5352 Mauris Rd.',715043 ,264967),
  (854787,'Timon', 'Blair','01/07/1978','Quamar', 'Mccray','8833 Tristique St.',139643 ,147267),
  (718987,'Noble', 'Price','02/12/2005','Chloe', 'Weeks','575-9944 Sit Av.',300743 ,830667),
  (437887,'Azalia', 'Cole','03/04/2003','Hadassah', 'Lowery','Ap #978-1392 Ligula. Rd.',151343 ,924867),
  (470087,'Ezra', 'Orr','09/03/1996','Jenna', 'Robertson','869-4485 A Rd.',873743 ,202367),
  (250887,'Colorado', 'Berg','09/09/2000','Phillip', 'Shaw','113 Ipsum St.',399743 ,323167);

INSERT INTO MedicalHistory (MedicalRecordID, Complaint, DateAdmitted, DateDischarged) VALUES
  (923635,'Broken Knee','01/03/2021', '01/24/2021'),
  (351535,'Food poisoning' ,'08/23/2020', '08/29/2020'),
  (644335,'Tuberculosis' ,'06/29/2019', '08/10/2019'),
  (990435,'Closed fracture of vertebra' ,'03/28/2021', '05/28/2021'),
  (226435,'Spinal enthesopathy' ,'04/10/2021', '04/28/2021'),
  (908735,'Heart attack' ,'02/21/2021', '03/28/2021'),
  (294135,'Infected absis' ,'05/05/2018', '05/20/2018'),
  (754235,'Broken arm' ,'04/04/2021', '04/08/2021'),
  (633335,'Bronchiectasis' ,'01/28/2020', '03/23/2020'),
  (258435,'Closed fracture of base of skull','11/06/2017', '02/23/2018'),
  (885535,'Alcohol poisoning' ,'01/10/2022', '01/15/2022'),
  (291435,'Drug - induced myotonia' ,'02/20/2021', '03/28/2021'),
  (922135,'Opioid overdose' ,'06/10/2021', '06/28/2021'),
  (854735,'Cystic fibrosis' ,'02/11/2022', '03/28/2021'),
  (718935,'Open wound on head' ,'11/14/2021', '11/16/2021'),
  (437835,'Gun shot to the chest', '01/22/2016', '03/24/2016'),
  (470035,'Stroke', '03/07/2020', '04/10/2020'),
  (250835,'3rd degree burns to left leg and arm' ,'01/01/2020', '02/10/2020'),
  (682235,'Head trauma','02/27/2021', '03/28/2021'),
  (402135,'Broken spine in car crash','01/09/2018', '03/28/2018'),
  (398667,'Broken Knee','01/03/2021', '01/24/2021'),
  (506367,'Food poisoning' ,'08/23/2020', '08/29/2020'),
  (879067,'Tuberculosis' ,'06/29/2019', '08/10/2019'),
  (327467,'Closed fracture of vertebra' ,'03/28/2021', '05/28/2021'),
  (160367,'Spinal enthesopathy' ,'04/10/2021', '04/28/2021'),
  (794967,'Heart attack' ,'02/21/2021', '03/28/2021'),
  (327167,'Infected absis' ,'05/05/2018', '05/20/2018'),
  (639067,'Broken arm' ,'04/04/2021', '04/08/2021'),
  (963467,'Bronchiectasis' ,'01/28/2020', '03/23/2020'),
  (512367,'Closed fracture of base of skull','11/06/2017', '02/23/2018'),
  (701767,'Alcohol poisoning' ,'01/10/2022', '01/15/2022'),
  (752967,'Drug - induced myotonia' ,'02/20/2021', '03/28/2021'),
  (264967,'Opioid overdose' ,'06/10/2021', '06/28/2021'),
  (147267,'Cystic fibrosis' ,'02/11/2022', '03/28/2021'),
  (830667,'Open wound on head' ,'11/14/2021', '11/16/2021'),
  (924867,'Gun shot to the chest', '01/22/2016', '03/24/2016'),
  (202367,'Stroke', '03/07/2020', '04/10/2020'),
  (323167,'3rd degree burns to left leg and arm' ,'01/01/2020', '02/10/2020'),
  (921467,'Head trauma','02/27/2021', '03/28/2021'),
  (501167,'Broken spine in car crash','01/09/2018', '03/28/2018');
